{
  "$schema": "https://raw.githubusercontent.com/grafana/grafana/main/docs/sources/developers/plugins/plugin.schema.json",
  "type": "panel",
  "name": "Traffic Lights",
  "id": "snuids-trafficlights-panel",
  "info": {
    "keywords": ["panel"],
    "description": "Traffic lights",
    "author": {
      "name": "Snuids"
    },
    "logos": {
      "small": "img/logo.svg",
      "large": "img/logo.svg"
    },
    "links": [],
    "screenshots": ["https://raw.githubusercontent.com/snuids/grafana-trafficlights-panel/master/media/Example.png"
  ,"https://raw.githubusercontent.com/snuids/grafana-trafficlights-panel/master/media/Config.png"],
  
    "version": "2.0.0",
    "updated": "2024-03-16"
  },
  "dependencies": {
    "grafanaDependency": ">=10.3.3",
    "plugins": []
  }
}
