{
  "$schema": "https://raw.githubusercontent.com/grafana/grafana/main/docs/sources/developers/plugins/plugin.schema.json",
  "type": "panel",
  "name": "Trend Panel",
  "id": "snuids-trend-panel",
  "info": {
    "keywords": ["panel","traffic","lights","trend","svg"],
    "description": "Trend Panel",
    "author": {
      "name": "Snuids"
    },
    "logos": {
      "small": "img/TrendPanel.png",
      "large": "img/TrendPanel.png"
    },
    "links": [],
    "screenshots": [{"name": "Showcase", "path": "media/Example.png"},
    {"name": "Config", "path": "media/Config.png"},
    {"name": "Datasource", "path": "media/Datasource.png"}],
  
    "version": "2.0.14",
    "updated": "2024-03-26"
  },
  "dependencies": {
    "grafanaDependency": ">=10.3.3",
    "plugins": []
  }
}

