{
  "$schema": "https://raw.githubusercontent.com/grafana/grafana/main/docs/sources/developers/plugins/plugin.schema.json",
  "type": "panel",
  "name": "Traffic Lights",
  "id": "snuids-trafficlights-panel",
  "info": {
    "keywords": ["panel"],
    "description": "Traffic lights",
    "author": {
      "name": "Snuids"
    },
    "logos": {
      "small": "media/traffic_light_logo.jpg",
      "large": "media/traffic_light_logo.jpg"
    },
    "links": [],
    "screenshots": [{"name": "Showcase", "path": "media/Example.png"},
    {"name": "Config", "path": "media/Config.png"},
    {"name": "Datasource", "path": "media/Datasource.png"}],
  
    "version": "2.0.0",
    "updated": "2024-03-17"
  },
  "dependencies": {
    "grafanaDependency": ">=10.3.3",
    "plugins": []
  }
}
